{
  "images": [
    {
      "width": 300,
      "height": 225,
      "id": 0,
      "file_name": "images\\21ca1eaa-cd_24.jpg"
    },
    {
      "width": 300,
      "height": 225,
      "id": 1,
      "file_name": "images\\74b2bc58-cd_32.jpg"
    },
    {
      "width": 300,
      "height": 225,
      "id": 2,
      "file_name": "images\\41c88acc-cd_34.jpg"
    },
    {
      "width": 300,
      "height": 225,
      "id": 3,
      "file_name": "images\\e2910620-cd_04.jpg"
    },
    {
      "width": 300,
      "height": 225,
      "id": 4,
      "file_name": "images\\ddec5911-cd_07.jpg"
    },
    {
      "width": 300,
      "height": 225,
      "id": 5,
      "file_name": "images\\1607c310-cd_08.jpg"
    },
    {
      "width": 300,
      "height": 225,
      "id": 6,
      "file_name": "images\\03b87636-cd_09.jpg"
    },
    {
      "width": 300,
      "height": 225,
      "id": 7,
      "file_name": "images\\dbb8eedb-cd_10.jpg"
    },
    {
      "width": 300,
      "height": 225,
      "id": 8,
      "file_name": "images\\c3a7e9a4-cd_22.jpg"
    },
    {
      "width": 300,
      "height": 225,
      "id": 9,
      "file_name": "images\\ec34bd0c-cd_23.jpg"
    }
  ],
  "categories": [
    {
      "id": 0,
      "name": "Black_star"
    },
    {
      "id": 1,
      "name": "Cat"
    },
    {
      "id": 2,
      "name": "Grey_star"
    },
    {
      "id": 3,
      "name": "Insect"
    },
    {
      "id": 4,
      "name": "Moon"
    },
    {
      "id": 5,
      "name": "Owl"
    },
    {
      "id": 6,
      "name": "Unicorn_head"
    },
    {
      "id": 7,
      "name": "Unicorn_whole"
    }
  ],
  "annotations": [
    {
      "id": 0,
      "image_id": 0,
      "category_id": 2,
      "segmentation": [],
      "bbox": [
        75.61983471074383,
        154.33884297520663,
        25.723140495867774,
        25.103305785123965
      ],
      "ignore": 0,
      "iscrowd": 0,
      "area": 645.735861621474
    },
    {
      "id": 1,
      "image_id": 0,
      "category_id": 3,
      "segmentation": [],
      "bbox": [
        109.40082644628096,
        89.56611570247935,
        29.132231404958723,
        41.2190082644628
      ],
      "ignore": 0,
      "iscrowd": 0,
      "area": 1200.8016870432364
    },
    {
      "id": 2,
      "image_id": 0,
      "category_id": 2,
      "segmentation": [],
      "bbox": [
        158.98760330578486,
        174.4834710743802,
        28.512396694215195,
        27.58264462809923
      ],
      "ignore": 0,
      "iscrowd": 0,
      "area": 786.447305511929
    },
    {
      "id": 3,
      "image_id": 0,
      "category_id": 6,
      "segmentation": [],
      "bbox": [
        209.81404958677712,
        129.85537190082638,
        35.02066115702461,
        39.66942148760339
      ],
      "ignore": 0,
      "iscrowd": 0,
      "area": 1389.2493682125494
    },
    {
      "id": 4,
      "image_id": 0,
      "category_id": 7,
      "segmentation": [],
      "bbox": [
        263.4297520661157,
        102.58264462809917,
        32.54132231404972,
        58.26446280991727
      ],
      "ignore": 0,
      "iscrowd": 0,
      "area": 1896.002663752481
    },
    {
      "id": 5,
      "image_id": 0,
      "category_id": 3,
      "segmentation": [],
      "bbox": [
        27.58264462809916,
        19.214876033057852,
        39.66942148760332,
        33.78099173553719
      ],
      "ignore": 0,
      "iscrowd": 0,
      "area": 1340.0723994262694
    },
    {
      "id": 6,
      "image_id": 0,
      "category_id": 3,
      "segmentation": [],
      "bbox": [
        191.52892561983472,
        9.607438016528926,
        38.42975206611566,
        37.50000000000001
      ],
      "ignore": 0,
      "iscrowd": 0,
      "area": 1441.1157024793376
    },
    {
      "id": 7,
      "image_id": 0,
      "category_id": 2,
      "segmentation": [],
      "bbox": [
        241.73553719008314,
        26.34297520661157,
        27.892561983470625,
        26.962809917355365
      ],
      "ignore": 0,
      "iscrowd": 0,
      "area": 752.0618468683709
    },
    {
      "id": 8,
      "image_id": 0,
      "category_id": 0,
      "segmentation": [],
      "bbox": [
        79.33884297520663,
        50.206611570247894,
        24.793388429752067,
        25.72314049586776
      ],
      "ignore": 0,
      "iscrowd": 0,
      "area": 637.7638139471346
    },
    {
      "id": 9,
      "image_id": 0,
      "category_id": 5,
      "segmentation": [],
      "bbox": [
        118.69834710743784,
        30.99173553719008,
        22.314049586776846,
        38.119834710743824
      ],
      "ignore": 0,
      "iscrowd": 0,
      "area": 850.607881975275
    },
    {
      "id": 10,
      "image_id": 0,
      "category_id": 6,
      "segmentation": [],
      "bbox": [
        143.4917355371901,
        52.37603305785122,
        39.979338842975146,
        34.40082644628095
      ],
      "ignore": 0,
      "iscrowd": 0,
      "area": 1375.3222969742467
    },
    {
      "id": 11,
      "image_id": 0,
      "category_id": 0,
      "segmentation": [],
      "bbox": [
        217.25206611570243,
        59.81404958677684,
        26.96280991735541,
        25.103305785123997
      ],
      "ignore": 0,
      "iscrowd": 0,
      "area": 676.8556621815468
    },
    {
      "id": 12,
      "image_id": 0,
      "category_id": 2,
      "segmentation": [],
      "bbox": [
        180.06198347107437,
        89.56611570247935,
        25.723140495867753,
        25.413223140495862
      ],
      "ignore": 0,
      "iscrowd": 0,
      "area": 653.7079092958126
    },
    {
      "id": 13,
      "image_id": 0,
      "category_id": 2,
      "segmentation": [],
      "bbox": [
        146.900826446281,
        124.58677685950414,
        24.173553719008268,
        24.483471074380155
      ],
      "ignore": 0,
      "iscrowd": 0,
      "area": 591.8525032443138
    },
    {
      "id": 14,
      "image_id": 0,
      "category_id": 6,
      "segmentation": [],
      "bbox": [
        26.652892561983453,
        149.38016528925615,
        39.35950413223142,
        33.16115702479322
      ],
      "ignore": 0,
      "iscrowd": 0,
      "area": 1305.2066969469238
    },
    {
      "id": 15,
      "image_id": 0,
      "category_id": 1,
      "segmentation": [],
      "bbox": [
        58.57438016528925,
        85.84710743801651,
        24.793388429752063,
        35.64049586776862
      ],
      "ignore": 0,
      "iscrowd": 0,
      "area": 883.6486578785608
    },
    {
      "id": 16,
      "image_id": 1,
      "category_id": 3,
      "segmentation": [],
      "bbox": [
        63.223140495867746,
        157.12809917355366,
        43.078512396694215,
        23.863636363636378
      ],
      "ignore": 0,
      "iscrowd": 0,
      "area": 1028.0099549211125
    },
    {
      "id": 17,
      "image_id": 1,
      "category_id": 3,
      "segmentation": [],
      "bbox": [
        177.5826446280992,
        0.0,
        37.809917355371894,
        37.190082644628106
      ],
      "ignore": 0,
      "iscrowd": 0,
      "area": 1406.1539512328393
    },
    {
      "id": 18,
      "image_id": 1,
      "category_id": 2,
      "segmentation": [],
      "bbox": [
        186.26033057851237,
        86.15702479338837,
        26.34297520661162,
        24.483471074380226
      ],
      "ignore": 0,
      "iscrowd": 0,
      "area": 644.967471484191
    },
    {
      "id": 19,
      "image_id": 1,
      "category_id": 2,
      "segmentation": [],
      "bbox": [
        153.40909090909082,
        159.91735537190084,
        23.863636363636456,
        26.652892561983503
      ],
      "ignore": 0,
      "iscrowd": 0,
      "area": 636.0349361382451
    },
    {
      "id": 20,
      "image_id": 1,
      "category_id": 2,
      "segmentation": [],
      "bbox": [
        175.41322314049592,
        111.88016528925624,
        25.72314049586772,
        27.27272727272727
      ],
      "ignore": 0,
      "iscrowd": 0,
      "area": 701.5401953418468
    },
    {
      "id": 21,
      "image_id": 1,
      "category_id": 2,
      "segmentation": [],
      "bbox": [
        19.21487603305785,
        110.9504132231405,
        28.20247933884299,
        24.48347107438018
      ],
      "ignore": 0,
      "iscrowd": 0,
      "area": 690.494587118367
    },
    {
      "id": 22,
      "image_id": 1,
      "category_id": 2,
      "segmentation": [],
      "bbox": [
        160.84710743801656,
        40.59917355371902,
        24.48347107438013,
        26.033057851239665
      ],
      "ignore": 0,
      "iscrowd": 0,
      "area": 637.3796188784909
    },
    {
      "id": 23,
      "image_id": 1,
      "category_id": 4,
      "segmentation": [],
      "bbox": [
        98.8636363636364,
        31.61157024793389,
        32.2314049586776,
        24.17355371900826
      ],
      "ignore": 0,
      "iscrowd": 0,
      "area": 779.1475992077022
    },
    {
      "id": 24,
      "image_id": 1,
      "category_id": 4,
      "segmentation": [],
      "bbox": [
        57.64462809917355,
        56.095041322314046,
        33.780991735537185,
        28.202479338842977
      ],
      "ignore": 0,
      "iscrowd": 0,
      "area": 952.7077214671128
    },
    {
      "id": 25,
      "image_id": 1,
      "category_id": 4,
      "segmentation": [],
      "bbox": [
        136.36363636363637,
        73.4504132231405,
        30.371900826446264,
        31.301652892561975
      ],
      "ignore": 0,
      "iscrowd": 0,
      "area": 950.6906973567371
    },
    {
      "id": 26,
      "image_id": 1,
      "category_id": 6,
      "segmentation": [],
      "bbox": [
        56.404958677685954,
        101.96280991735533,
        29.75206611570249,
        42.14876033057856
      ],
      "ignore": 0,
      "iscrowd": 0,
      "area": 1254.0127040502716
    },
    {
      "id": 27,
      "image_id": 1,
      "category_id": 6,
      "segmentation": [],
      "bbox": [
        215.39256198347098,
        42.768595041322314,
        45.867768595041454,
        28.82231404958678
      ],
      "ignore": 0,
      "iscrowd": 0,
      "area": 1322.0152312000587
    },
    {
      "id": 28,
      "image_id": 1,
      "category_id": 5,
      "segmentation": [],
      "bbox": [
        238.0165289256199,
        82.4380165289256,
        36.88016528925616,
        31.611570247933866
      ],
      "ignore": 0,
      "iscrowd": 0,
      "area": 1165.8399357967335
    },
    {
      "id": 29,
      "image_id": 1,
      "category_id": 5,
      "segmentation": [],
      "bbox": [
        224.38016528925618,
        143.1818181818182,
        39.35950413223141,
        26.03305785123965
      ],
      "ignore": 0,
      "iscrowd": 0,
      "area": 1024.6482480704863
    },
    {
      "id": 30,
      "image_id": 1,
      "category_id": 7,
      "segmentation": [],
      "bbox": [
        171.2587299077373,
        180.4652239756924,
        66.02643549429766,
        39.24820373202822
      ],
      "ignore": 0,
      "iscrowd": 0,
      "area": 2591.418991979814
    },
    {
      "id": 31,
      "image_id": 1,
      "category_id": 7,
      "segmentation": [],
      "bbox": [
        112.5,
        146.28099173553719,
        36.88016528925619,
        49.586776859504134
      ],
      "ignore": 0,
      "iscrowd": 0,
      "area": 1828.7685267399766
    },
    {
      "id": 32,
      "image_id": 1,
      "category_id": 1,
      "segmentation": [],
      "bbox": [
        99.79338842975207,
        107.23140495867769,
        31.9214876033058,
        33.4710743801653
      ],
      "ignore": 0,
      "iscrowd": 0,
      "area": 1068.4464858957729
    },
    {
      "id": 33,
      "image_id": 2,
      "category_id": 2,
      "segmentation": [],
      "bbox": [
        113.73966942148763,
        39.35950413223139,
        23.863636363636356,
        24.793388429752046
      ],
      "ignore": 0,
      "iscrowd": 0,
      "area": 591.6604057099918
    },
    {
      "id": 34,
      "image_id": 2,
      "category_id": 2,
      "segmentation": [],
      "bbox": [
        239.25619834710741,
        90.18595041322314,
        26.342975206611598,
        24.793388429752067
      ],
      "ignore": 0,
      "iscrowd": 0,
      "area": 653.1316166928495
    },
    {
      "id": 35,
      "image_id": 2,
      "category_id": 2,
      "segmentation": [],
      "bbox": [
        107.8512396694215,
        151.85950413223142,
        22.62396694214876,
        23.553719008264455
      ],
      "ignore": 0,
      "iscrowd": 0,
      "area": 532.8785602076358
    },
    {
      "id": 36,
      "image_id": 2,
      "category_id": 2,
      "segmentation": [],
      "bbox": [
        91.73553719008264,
        85.53719008264463,
        25.103305785123965,
        24.483471074380155
      ],
      "ignore": 0,
      "iscrowd": 0,
      "area": 614.6160610614025
    },
    {
      "id": 37,
      "image_id": 2,
      "category_id": 4,
      "segmentation": [],
      "bbox": [
        126.13636363636368,
        116.83884297520653,
        26.033057851239654,
        29.442148760330564
      ],
      "ignore": 0,
      "iscrowd": 0,
      "area": 766.4691619424894
    },
    {
      "id": 38,
      "image_id": 2,
      "category_id": 4,
      "segmentation": [],
      "bbox": [
        157.1280991735537,
        162.39669421487602,
        29.132231404958713,
        22.314049586776854
      ],
      "ignore": 0,
      "iscrowd": 0,
      "area": 650.0580561437066
    },
    {
      "id": 39,
      "image_id": 2,
      "category_id": 4,
      "segmentation": [],
      "bbox": [
        195.24793388429754,
        137.91322314049586,
        30.371900826446286,
        26.033057851239697
      ],
      "ignore": 0,
      "iscrowd": 0,
      "area": 790.6734512669909
    },
    {
      "id": 40,
      "image_id": 2,
      "category_id": 0,
      "segmentation": [],
      "bbox": [
        82.74793388429752,
        111.8801652892562,
        23.863636363636342,
        21.69421487603306
      ],
      "ignore": 0,
      "iscrowd": 0,
      "area": 517.7028549962431
    },
    {
      "id": 41,
      "image_id": 2,
      "category_id": 5,
      "segmentation": [],
      "bbox": [
        34.40082644628098,
        56.40495867768591,
        36.88016528925621,
        24.793388429752067
      ],
      "ignore": 0,
      "iscrowd": 0,
      "area": 914.3842633699887
    },
    {
      "id": 42,
      "image_id": 2,
      "category_id": 5,
      "segmentation": [],
      "bbox": [
        27.272727272727273,
        106.30165289256198,
        32.23140495867768,
        30.68181818181819
      ],
      "ignore": 0,
      "iscrowd": 0,
      "area": 988.9181066867018
    },
    {
      "id": 43,
      "image_id": 2,
      "category_id": 6,
      "segmentation": [],
      "bbox": [
        41.528925619834716,
        146.5909090909091,
        39.0495867768595,
        25.103305785123965
      ],
      "ignore": 0,
      "iscrowd": 0,
      "area": 980.2737176422373
    },
    {
      "id": 44,
      "image_id": 2,
      "category_id": 1,
      "segmentation": [],
      "bbox": [
        158.36776859504133,
        84.60743801652895,
        26.962809917355372,
        30.99173553719007
      ],
      "ignore": 0,
      "iscrowd": 0,
      "area": 835.6242742982033
    },
    {
      "id": 45,
      "image_id": 2,
      "category_id": 7,
      "segmentation": [],
      "bbox": [
        141.32231404958677,
        31.301652892561982,
        33.16115702479342,
        45.86776859504132
      ],
      "ignore": 0,
      "iscrowd": 0,
      "area": 1521.0282767570534
    },
    {
      "id": 46,
      "image_id": 2,
      "category_id": 7,
      "segmentation": [],
      "bbox": [
        63.53305785123966,
        8.367768595041323,
        53.30578512396694,
        35.33057851239669
      ],
      "ignore": 0,
      "iscrowd": 0,
      "area": 1883.3242264872617
    },
    {
      "id": 47,
      "image_id": 2,
      "category_id": 5,
      "segmentation": [],
      "bbox": [
        183.47107438016528,
        44.938016528925615,
        41.219008264462836,
        23.863636363636356
      ],
      "ignore": 0,
      "iscrowd": 0,
      "area": 983.6354244928629
    },
    {
      "id": 48,
      "image_id": 2,
      "category_id": 6,
      "segmentation": [],
      "bbox": [
        202.06611570247932,
        81.81818181818183,
        27.582644628099175,
        39.35950413223141
      ],
      "ignore": 0,
      "iscrowd": 0,
      "area": 1085.63921521754
    },
    {
      "id": 49,
      "image_id": 2,
      "category_id": 5,
      "segmentation": [],
      "bbox": [
        80.88842975206612,
        178.8223140495868,
        33.161157024793404,
        31.30165289256199
      ],
      "ignore": 0,
      "iscrowd": 0,
      "area": 1037.9990267058267
    },
    {
      "id": 50,
      "image_id": 3,
      "category_id": 2,
      "segmentation": [],
      "bbox": [
        239.56611570247932,
        163.63636363636365,
        28.5123966942149,
        23.86363636363637
      ],
      "ignore": 0,
      "iscrowd": 0,
      "area": 680.4094665664921
    },
    {
      "id": 51,
      "image_id": 3,
      "category_id": 2,
      "segmentation": [],
      "bbox": [
        100.72314049586777,
        119.31818181818181,
        23.86363636363636,
        22.623966942148773
      ],
      "ignore": 0,
      "iscrowd": 0,
      "area": 539.8901202103683
    },
    {
      "id": 52,
      "image_id": 3,
      "category_id": 2,
      "segmentation": [],
      "bbox": [
        163.63636363636363,
        115.59917355371901,
        22.004132231404974,
        20.764462809917344
      ],
      "ignore": 0,
      "iscrowd": 0,
      "area": 456.9039853835121
    },
    {
      "id": 53,
      "image_id": 3,
      "category_id": 2,
      "segmentation": [],
      "bbox": [
        137.91322314049586,
        57.95454545454546,
        22.62396694214876,
        20.764462809917358
      ],
      "ignore": 0,
      "iscrowd": 0,
      "area": 469.7745201830476
    },
    {
      "id": 54,
      "image_id": 3,
      "category_id": 0,
      "segmentation": [],
      "bbox": [
        115.599173553719,
        86.46694214876035,
        20.144628099173605,
        20.764462809917354
      ],
      "ignore": 0,
      "iscrowd": 0,
      "area": 418.29238098490646
    },
    {
      "id": 55,
      "image_id": 3,
      "category_id": 0,
      "segmentation": [],
      "bbox": [
        149.0702479338843,
        80.88842975206613,
        19.83471074380165,
        21.074380165289245
      ],
      "ignore": 0,
      "iscrowd": 0,
      "area": 418.004234683423
    },
    {
      "id": 56,
      "image_id": 3,
      "category_id": 0,
      "segmentation": [],
      "bbox": [
        212.293388429752,
        68.80165289256199,
        20.45454545454548,
        17.66528925619833
      ],
      "ignore": 0,
      "iscrowd": 0,
      "area": 361.33546205860273
    },
    {
      "id": 57,
      "image_id": 3,
      "category_id": 1,
      "segmentation": [],
      "bbox": [
        170.14462809917353,
        57.64462809917355,
        26.342975206611555,
        23.86363636363636
      ],
      "ignore": 0,
      "iscrowd": 0,
      "area": 628.6391810668665
    },
    {
      "id": 58,
      "image_id": 3,
      "category_id": 6,
      "segmentation": [],
      "bbox": [
        37.809917355371866,
        114.04958677685946,
        29.442148760330582,
        35.95041322314053
      ],
      "ignore": 0,
      "iscrowd": 0,
      "area": 1058.457414111059
    },
    {
      "id": 59,
      "image_id": 3,
      "category_id": 7,
      "segmentation": [],
      "bbox": [
        60.12396694214876,
        147.8305785123967,
        29.13223140495868,
        62.293388429752056
      ],
      "ignore": 0,
      "iscrowd": 0,
      "area": 1814.7454067345125
    },
    {
      "id": 60,
      "image_id": 3,
      "category_id": 7,
      "segmentation": [],
      "bbox": [
        142.5619834710743,
        19.214876033057852,
        32.54132231404962,
        27.27272727272727
      ],
      "ignore": 0,
      "iscrowd": 0,
      "area": 887.4906085649897
    },
    {
      "id": 61,
      "image_id": 3,
      "category_id": 7,
      "segmentation": [],
      "bbox": [
        237.08677685950414,
        89.56611570247935,
        29.132231404958688,
        40.9090909090909
      ],
      "ignore": 0,
      "iscrowd": 0,
      "area": 1191.7731029301278
    },
    {
      "id": 62,
      "image_id": 3,
      "category_id": 4,
      "segmentation": [],
      "bbox": [
        100.10330578512398,
        164.25619834710744,
        27.582644628099175,
        33.16115702479339
      ],
      "ignore": 0,
      "iscrowd": 0,
      "area": 914.6724096714706
    },
    {
      "id": 63,
      "image_id": 3,
      "category_id": 4,
      "segmentation": [],
      "bbox": [
        198.03719008264466,
        128.30578512396696,
        27.89256198347107,
        28.512396694214896
      ],
      "ignore": 0,
      "iscrowd": 0,
      "area": 795.2837920907045
    },
    {
      "id": 64,
      "image_id": 3,
      "category_id": 6,
      "segmentation": [],
      "bbox": [
        126.75619834710746,
        144.11157024793386,
        41.52892561983471,
        28.822314049586794
      ],
      "ignore": 0,
      "iscrowd": 0,
      "area": 1196.9597363568068
    },
    {
      "id": 65,
      "image_id": 3,
      "category_id": 3,
      "segmentation": [],
      "bbox": [
        181.30165289256198,
        163.01652892561995,
        25.413223140495848,
        41.83884297520649
      ],
      "ignore": 0,
      "iscrowd": 0,
      "area": 1063.2598524690898
    },
    {
      "id": 66,
      "image_id": 3,
      "category_id": 3,
      "segmentation": [],
      "bbox": [
        205.16528925619835,
        94.52479338842976,
        31.301652892561947,
        34.71074380165288
      ],
      "ignore": 0,
      "iscrowd": 0,
      "area": 1086.5036541219845
    },
    {
      "id": 67,
      "image_id": 3,
      "category_id": 1,
      "segmentation": [],
      "bbox": [
        74.38016528925618,
        72.2107438016529,
        17.045454545454547,
        26.962809917355376
      ],
      "ignore": 0,
      "iscrowd": 0,
      "area": 459.5933508640121
    },
    {
      "id": 68,
      "image_id": 4,
      "category_id": 2,
      "segmentation": [],
      "bbox": [
        24.173553719008265,
        59.81404958677686,
        26.652892561983467,
        23.553719008264462
      ],
      "ignore": 0,
      "iscrowd": 0,
      "area": 627.7747421624205
    },
    {
      "id": 69,
      "image_id": 4,
      "category_id": 2,
      "segmentation": [],
      "bbox": [
        103.20247933884296,
        89.56611570247935,
        22.004132231404956,
        21.38429752066112
      ],
      "ignore": 0,
      "iscrowd": 0,
      "area": 470.54291032033245
    },
    {
      "id": 70,
      "image_id": 4,
      "category_id": 2,
      "segmentation": [],
      "bbox": [
        193.69834710743802,
        97.93388429752065,
        24.48347107438019,
        22.004132231404956
      ],
      "ignore": 0,
      "iscrowd": 0,
      "area": 538.7375350044401
    },
    {
      "id": 71,
      "image_id": 4,
      "category_id": 2,
      "segmentation": [],
      "bbox": [
        140.08264462809916,
        157.12809917355358,
        23.863636363636342,
        25.413223140495866
      ],
      "ignore": 0,
      "iscrowd": 0,
      "area": 606.4519158527416
    },
    {
      "id": 72,
      "image_id": 4,
      "category_id": 0,
      "segmentation": [],
      "bbox": [
        63.22314049586777,
        162.08677685950414,
        22.314049586776854,
        21.074380165289227
      ],
      "ignore": 0,
      "iscrowd": 0,
      "area": 470.2547640188504
    },
    {
      "id": 73,
      "image_id": 4,
      "category_id": 0,
      "segmentation": [],
      "bbox": [
        157.74793388429754,
        82.74793388429752,
        20.45454545454546,
        21.694214876033058
      ],
      "ignore": 0,
      "iscrowd": 0,
      "area": 443.7453042824945
    },
    {
      "id": 74,
      "image_id": 4,
      "category_id": 0,
      "segmentation": [],
      "bbox": [
        122.72727272727273,
        123.34710743801654,
        19.524793388429735,
        21.384297520661143
      ],
      "ignore": 0,
      "iscrowd": 0,
      "area": 417.5239908476191
    },
    {
      "id": 75,
      "image_id": 4,
      "category_id": 4,
      "segmentation": [],
      "bbox": [
        64.77272727272727,
        83.05785123966942,
        26.962809917355365,
        26.962809917355365
      ],
      "ignore": 0,
      "iscrowd": 0,
      "area": 726.9931186394368
    },
    {
      "id": 76,
      "image_id": 4,
      "category_id": 4,
      "segmentation": [],
      "bbox": [
        133.88429752066116,
        17.045454545454547,
        31.611570247933884,
        22.62396694214876
      ],
      "ignore": 0,
      "iscrowd": 0,
      "area": 715.1791202786694
    },
    {
      "id": 77,
      "image_id": 4,
      "category_id": 7,
      "segmentation": [],
      "bbox": [
        184.71074380165285,
        8.367768595041323,
        26.65289256198349,
        57.95454545454545
      ],
      "ignore": 0,
      "iscrowd": 0,
      "area": 1544.6562734785884
    },
    {
      "id": 78,
      "image_id": 4,
      "category_id": 6,
      "segmentation": [],
      "bbox": [
        223.76033057851237,
        56.095041322314046,
        26.342975206611598,
        41.52892561983471
      ],
      "ignore": 0,
      "iscrowd": 0,
      "area": 1093.995457960523
    },
    {
      "id": 79,
      "image_id": 4,
      "category_id": 1,
      "segmentation": [],
      "bbox": [
        210.74380165289256,
        119.00826446280979,
        23.243801652892447,
        31.61157024793399
      ],
      "ignore": 0,
      "iscrowd": 0,
      "area": 734.7730687794538
    },
    {
      "id": 80,
      "image_id": 4,
      "category_id": 1,
      "segmentation": [],
      "bbox": [
        210.1239669421488,
        163.32644628099172,
        32.541322314049566,
        20.144628099173545
      ],
      "ignore": 0,
      "iscrowd": 0,
      "area": 655.5328358718659
    },
    {
      "id": 81,
      "image_id": 4,
      "category_id": 7,
      "segmentation": [],
      "bbox": [
        146.28099173553719,
        130.78512396694217,
        39.97933884297522,
        33.780991735537185
      ],
      "ignore": 0,
      "iscrowd": 0,
      "area": 1350.5417150467865
    },
    {
      "id": 82,
      "image_id": 4,
      "category_id": 6,
      "segmentation": [],
      "bbox": [
        118.38842975206612,
        42.458677685950406,
        26.03305785123966,
        35.33057851239669
      ],
      "ignore": 0,
      "iscrowd": 0,
      "area": 919.7629943309879
    },
    {
      "id": 83,
      "image_id": 4,
      "category_id": 3,
      "segmentation": [],
      "bbox": [
        78.71900826446281,
        35.3305785123967,
        23.553719008264455,
        37.80991735537191
      ],
      "ignore": 0,
      "iscrowd": 0,
      "area": 890.5641691141315
    },
    {
      "id": 84,
      "image_id": 4,
      "category_id": 7,
      "segmentation": [],
      "bbox": [
        26.342975206611577,
        116.83884297520657,
        28.822314049586762,
        47.41735537190082
      ],
      "ignore": 0,
      "iscrowd": 0,
      "area": 1366.6779079297853
    },
    {
      "id": 85,
      "image_id": 4,
      "category_id": 3,
      "segmentation": [],
      "bbox": [
        57.02479338842975,
        113.73966942148759,
        31.30165289256198,
        34.40082644628099
      ],
      "ignore": 0,
      "iscrowd": 0,
      "area": 1076.802728638754
    },
    {
      "id": 86,
      "image_id": 5,
      "category_id": 4,
      "segmentation": [],
      "bbox": [
        61.36363636363638,
        44.00826446280989,
        29.44214876033059,
        27.2727272727273
      ],
      "ignore": 0,
      "iscrowd": 0,
      "area": 802.9676934635622
    },
    {
      "id": 87,
      "image_id": 5,
      "category_id": 4,
      "segmentation": [],
      "bbox": [
        136.67355371900828,
        19.214876033057852,
        27.582644628099178,
        31.921487603305795
      ],
      "ignore": 0,
      "iscrowd": 0,
      "area": 880.4790485622572
    },
    {
      "id": 88,
      "image_id": 5,
      "category_id": 1,
      "segmentation": [],
      "bbox": [
        160.53719008264463,
        192.14876033057848,
        33.47107438016527,
        18.904958677685947
      ],
      "ignore": 0,
      "iscrowd": 0,
      "area": 632.7692780547771
    },
    {
      "id": 89,
      "image_id": 5,
      "category_id": 1,
      "segmentation": [],
      "bbox": [
        195.8677685950413,
        136.05371900826447,
        27.582644628099175,
        32.23140495867769
      ],
      "ignore": 0,
      "iscrowd": 0,
      "area": 889.0273888395603
    },
    {
      "id": 90,
      "image_id": 5,
      "category_id": 0,
      "segmentation": [],
      "bbox": [
        128.61570247933886,
        142.56198347107443,
        23.553719008264462,
        23.863636363636296
      ],
      "ignore": 0,
      "iscrowd": 0,
      "area": 562.0773854244912
    },
    {
      "id": 91,
      "image_id": 5,
      "category_id": 0,
      "segmentation": [],
      "bbox": [
        90.80578512396694,
        139.77272727272728,
        22.314049586776868,
        19.524793388429746
      ],
      "ignore": 0,
      "iscrowd": 0,
      "area": 435.67720784099447
    },
    {
      "id": 92,
      "image_id": 5,
      "category_id": 3,
      "segmentation": [],
      "bbox": [
        72.52066115702479,
        114.97933884297521,
        35.33057851239671,
        31.921487603305806
      ],
      "ignore": 0,
      "iscrowd": 0,
      "area": 1127.8046240010942
    },
    {
      "id": 93,
      "image_id": 5,
      "category_id": 2,
      "segmentation": [],
      "bbox": [
        70.04132231404958,
        88.01652892561982,
        24.793388429752063,
        25.103305785123986
      ],
      "ignore": 0,
      "iscrowd": 0,
      "area": 622.3960112014211
    },
    {
      "id": 94,
      "image_id": 5,
      "category_id": 2,
      "segmentation": [],
      "bbox": [
        206.7148760330578,
        92.04545454545456,
        26.652892561983535,
        25.41322314049585
      ],
      "ignore": 0,
      "iscrowd": 0,
      "area": 677.3359060173498
    },
    {
      "id": 95,
      "image_id": 5,
      "category_id": 6,
      "segmentation": [],
      "bbox": [
        232.74793388429754,
        32.85123966942148,
        30.6818181818182,
        43.38842975206612
      ],
      "ignore": 0,
      "iscrowd": 0,
      "area": 1331.235912847484
    },
    {
      "id": 96,
      "image_id": 5,
      "category_id": 7,
      "segmentation": [],
      "bbox": [
        176.96280991735537,
        38.739669421487605,
        30.06198347107439,
        58.88429752066116
      ],
      "ignore": 0,
      "iscrowd": 0,
      "area": 1770.1787787719425
    },
    {
      "id": 97,
      "image_id": 5,
      "category_id": 7,
      "segmentation": [],
      "bbox": [
        156.19834710743805,
        101.34297520661157,
        35.64049586776857,
        42.148760330578504
      ],
      "ignore": 0,
      "iscrowd": 0,
      "area": 1502.202718393551
    },
    {
      "id": 98,
      "image_id": 5,
      "category_id": 6,
      "segmentation": [],
      "bbox": [
        99.48347107438012,
        64.15289256198348,
        33.16115702479342,
        31.611570247933898
      ],
      "ignore": 0,
      "iscrowd": 0,
      "area": 1048.2762447920238
    },
    {
      "id": 99,
      "image_id": 5,
      "category_id": 0,
      "segmentation": [],
      "bbox": [
        134.50413223140495,
        57.33471074380165,
        23.553719008264444,
        23.86363636363636
      ],
      "ignore": 0,
      "iscrowd": 0,
      "area": 562.0773854244924
    },
    {
      "id": 100,
      "image_id": 5,
      "category_id": 3,
      "segmentation": [],
      "bbox": [
        18.90495867768595,
        11.776859504132227,
        38.11983471074381,
        34.09090909090909
      ],
      "ignore": 0,
      "iscrowd": 0,
      "area": 1299.539819684448
    },
    {
      "id": 101,
      "image_id": 5,
      "category_id": 2,
      "segmentation": [],
      "bbox": [
        0.9297520661157026,
        51.13636363636363,
        25.413223140495873,
        23.863636363636374
      ],
      "ignore": 0,
      "iscrowd": 0,
      "area": 606.4519158527427
    },
    {
      "id": 102,
      "image_id": 5,
      "category_id": 2,
      "segmentation": [],
      "bbox": [
        98.86363636363636,
        173.24380165289256,
        26.03305785123966,
        26.65289256198348
      ],
      "ignore": 0,
      "iscrowd": 0,
      "area": 693.8562939689913
    },
    {
      "id": 103,
      "image_id": 5,
      "category_id": 7,
      "segmentation": [],
      "bbox": [
        31.301652892561982,
        125.82644628099173,
        44.62809917355372,
        40.28925619834712
      ],
      "ignore": 0,
      "iscrowd": 0,
      "area": 1798.0329212485492
    },
    {
      "id": 104,
      "image_id": 6,
      "category_id": 4,
      "segmentation": [],
      "bbox": [
        134.41535459405569,
        157.06487103746352,
        28.99984815651279,
        25.613004576190125
      ],
      "ignore": 0,
      "iscrowd": 0,
      "area": 742.7732435415809
    },
    {
      "id": 105,
      "image_id": 6,
      "category_id": 4,
      "segmentation": [],
      "bbox": [
        203.2106148193598,
        145.2109185063342,
        28.99984815651281,
        27.09474864258131
      ],
      "ignore": 0,
      "iscrowd": 0,
      "area": 785.7435964737397
    },
    {
      "id": 106,
      "image_id": 6,
      "category_id": 3,
      "segmentation": [],
      "bbox": [
        156.85319331369337,
        74.51055876709859,
        35.773535317158164,
        29.634881327823276
      ],
      "ignore": 0,
      "iscrowd": 0,
      "area": 1060.144473800677
    },
    {
      "id": 107,
      "image_id": 6,
      "category_id": 3,
      "segmentation": [],
      "bbox": [
        156.64151558992316,
        89.11632170724008,
        1.4817440663911654,
        0.4233554475403345
      ],
      "ignore": 0,
      "iscrowd": 0,
      "area": 0.6273044223672669
    },
    {
      "id": 108,
      "image_id": 6,
      "category_id": 3,
      "segmentation": [],
      "bbox": [
        231.99878525210244,
        178.6559988620205,
        38.101990278629955,
        28.788170432742618
      ],
      "ignore": 0,
      "iscrowd": 0,
      "area": 1096.8865899679015
    },
    {
      "id": 109,
      "image_id": 6,
      "category_id": 5,
      "segmentation": [],
      "bbox": [
        167.43707950220167,
        163.20352502679833,
        23.919582786028794,
        35.77353531715815
      ],
      "ignore": 0,
      "iscrowd": 0,
      "area": 855.6880395676892
    },
    {
      "id": 110,
      "image_id": 6,
      "category_id": 5,
      "segmentation": [],
      "bbox": [
        87.2112221933086,
        177.3859325193995,
        28.788170432742636,
        34.926824422077416
      ],
      "ignore": 0,
      "iscrowd": 0,
      "area": 1005.4793741372424
    },
    {
      "id": 111,
      "image_id": 6,
      "category_id": 5,
      "segmentation": [],
      "bbox": [
        44.2406442679648,
        69.85364884415492,
        35.56185759338796,
        23.49622733848846
      ],
      "ignore": 0,
      "iscrowd": 0,
      "area": 835.5694905931957
    },
    {
      "id": 112,
      "image_id": 6,
      "category_id": 1,
      "segmentation": [],
      "bbox": [
        125.73656791947886,
        6.138653989334828,
        30.693269946674146,
        18.627639691774647
      ],
      "ignore": 0,
      "iscrowd": 0,
      "area": 571.7431735290212
    },
    {
      "id": 113,
      "image_id": 6,
      "category_id": 1,
      "segmentation": [],
      "bbox": [
        92.9265207351031,
        38.31366800240013,
        23.28454961471829,
        31.116625394214463
      ],
      "ignore": 0,
      "iscrowd": 0,
      "area": 724.5366078341898
    },
    {
      "id": 114,
      "image_id": 6,
      "category_id": 6,
      "segmentation": [],
      "bbox": [
        164.68526909318945,
        116.84610352113187,
        33.868435803226745,
        30.481592222903963
      ],
      "ignore": 0,
      "iscrowd": 0,
      "area": 1032.3638493815586
    },
    {
      "id": 115,
      "image_id": 6,
      "category_id": 6,
      "segmentation": [],
      "bbox": [
        42.758900201573624,
        116.63442579736173,
        28.364814985202305,
        40.4304452401018
      ],
      "ignore": 0,
      "iscrowd": 0,
      "area": 1146.8020990048406
    },
    {
      "id": 116,
      "image_id": 6,
      "category_id": 7,
      "segmentation": [],
      "bbox": [
        96.73671976296608,
        105.62718416131305,
        31.116625394214473,
        52.49607549500125
      ],
      "ignore": 0,
      "iscrowd": 0,
      "area": 1633.5007158443561
    },
    {
      "id": 117,
      "image_id": 6,
      "category_id": 7,
      "segmentation": [],
      "bbox": [
        120.23294710145456,
        62.868283959739436,
        29.84655905159346,
        44.452321991734934
      ],
      "ignore": 0,
      "iscrowd": 0,
      "area": 1326.7488533067633
    },
    {
      "id": 118,
      "image_id": 6,
      "category_id": 0,
      "segmentation": [],
      "bbox": [
        158.75829282762493,
        49.10923191467863,
        21.802805548327086,
        23.49622733848849
      ],
      "ignore": 0,
      "iscrowd": 0,
      "area": 512.2836757803515
    },
    {
      "id": 119,
      "image_id": 6,
      "category_id": 0,
      "segmentation": [],
      "bbox": [
        194.531828144783,
        59.69311810318695,
        20.956094653246467,
        21.802805548327132
      ],
      "ignore": 0,
      "iscrowd": 0,
      "area": 456.9016567770706
    },
    {
      "id": 120,
      "image_id": 6,
      "category_id": 7,
      "segmentation": [],
      "bbox": [
        227.7652307766992,
        59.05808493187643,
        40.00708979256137,
        40.85380068764214
      ],
      "ignore": 0,
      "iscrowd": 0,
      "area": 1634.4416724779048
    },
    {
      "id": 121,
      "image_id": 6,
      "category_id": 5,
      "segmentation": [],
      "bbox": [
        216.54631141688031,
        100.75859651459923,
        28.788170432742618,
        26.248037747500643
      ],
      "ignore": 0,
      "iscrowd": 0,
      "area": 755.6329842001102
    },
    {
      "id": 122,
      "image_id": 6,
      "category_id": 2,
      "segmentation": [],
      "bbox": [
        79.16746869004226,
        84.24773406052624,
        24.76629368110947,
        22.86119416717798
      ],
      "ignore": 0,
      "iscrowd": 0,
      "area": 566.1870486451967
    },
    {
      "id": 123,
      "image_id": 6,
      "category_id": 2,
      "segmentation": [],
      "bbox": [
        187.1231078128271,
        22.43783871963764,
        23.707905062258668,
        26.459715471270805
      ],
      "ignore": 0,
      "iscrowd": 0,
      "area": 627.3044223672651
    },
    {
      "id": 124,
      "image_id": 7,
      "category_id": 2,
      "segmentation": [],
      "bbox": [
        55.161290322580655,
        63.87096774193548,
        22.8110599078341,
        22.39631336405531
      ],
      "ignore": 0,
      "iscrowd": 0,
      "area": 510.8836458620911
    },
    {
      "id": 125,
      "image_id": 7,
      "category_id": 2,
      "segmentation": [],
      "bbox": [
        142.05069124423963,
        53.08755760368663,
        22.3963133640553,
        22.60368663594469
      ],
      "ignore": 0,
      "iscrowd": 0,
      "area": 506.2392490815262
    },
    {
      "id": 126,
      "image_id": 7,
      "category_id": 2,
      "segmentation": [],
      "bbox": [
        140.59907834101384,
        79.63133640552996,
        21.359447004608306,
        22.603686635944698
      ],
      "ignore": 0,
      "iscrowd": 0,
      "area": 482.8022468092338
    },
    {
      "id": 127,
      "image_id": 7,
      "category_id": 2,
      "segmentation": [],
      "bbox": [
        63.870967741935495,
        129.60829493087556,
        24.470046082949317,
        22.396313364055285
      ],
      "ignore": 0,
      "iscrowd": 0,
      "area": 548.0388201066064
    },
    {
      "id": 128,
      "image_id": 7,
      "category_id": 2,
      "segmentation": [],
      "bbox": [
        74.23963133640554,
        182.07373271889404,
        25.092165898617512,
        24.262672811059918
      ],
      "ignore": 0,
      "iscrowd": 0,
      "area": 608.8030113189919
    },
    {
      "id": 129,
      "image_id": 7,
      "category_id": 2,
      "segmentation": [],
      "bbox": [
        189.7465437788019,
        193.89400921658986,
        23.847926267281093,
        25.92165898617508
      ],
      "ignore": 0,
      "iscrowd": 0,
      "area": 618.1778122279077
    },
    {
      "id": 130,
      "image_id": 7,
      "category_id": 4,
      "segmentation": [],
      "bbox": [
        36.082949308755765,
        114.67741935483869,
        31.105990783410142,
        25.714285714285733
      ],
      "ignore": 0,
      "iscrowd": 0,
      "area": 799.8683344305471
    },
    {
      "id": 131,
      "image_id": 7,
      "category_id": 4,
      "segmentation": [],
      "bbox": [
        146.61290322580643,
        168.17972350230414,
        29.86175115207373,
        24.67741935483889
      ],
      "ignore": 0,
      "iscrowd": 0,
      "area": 736.9109558495668
    },
    {
      "id": 132,
      "image_id": 7,
      "category_id": 4,
      "segmentation": [],
      "bbox": [
        60.552995391705075,
        31.52073732718894,
        30.069124423963146,
        19.49308755760368
      ],
      "ignore": 0,
      "iscrowd": 0,
      "area": 586.140075176793
    },
    {
      "id": 133,
      "image_id": 7,
      "category_id": 6,
      "segmentation": [],
      "bbox": [
        115.71428571428572,
        12.649769585253457,
        37.74193548387096,
        25.506912442396306
      ],
      "ignore": 0,
      "iscrowd": 0,
      "area": 962.6802437936668
    },
    {
      "id": 134,
      "image_id": 7,
      "category_id": 7,
      "segmentation": [],
      "bbox": [
        178.34101382488484,
        6.2211981566820285,
        29.861751152073715,
        47.28110599078341
      ],
      "ignore": 0,
      "iscrowd": 0,
      "area": 1411.896621291596
    },
    {
      "id": 135,
      "image_id": 7,
      "category_id": 6,
      "segmentation": [],
      "bbox": [
        241.58986175115214,
        47.69585253456222,
        24.884792626728085,
        33.59447004608294
      ],
      "ignore": 0,
      "iscrowd": 0,
      "area": 835.9914205016023
    },
    {
      "id": 136,
      "image_id": 7,
      "category_id": 6,
      "segmentation": [],
      "bbox": [
        248.8479262672811,
        101.40552995391707,
        29.86175115207378,
        36.70506912442396
      ],
      "ignore": 0,
      "iscrowd": 0,
      "area": 1096.0776402132149
    },
    {
      "id": 137,
      "image_id": 7,
      "category_id": 6,
      "segmentation": [],
      "bbox": [
        197.8341013824885,
        143.08755760368663,
        32.35023041474656,
        29.65437788018432
      ],
      "ignore": 0,
      "iscrowd": 0,
      "area": 959.3259572299265
    },
    {
      "id": 138,
      "image_id": 7,
      "category_id": 0,
      "segmentation": [],
      "bbox": [
        163.82488479262673,
        106.58986175115206,
        21.774193548387096,
        21.35944700460831
      ],
      "ignore": 0,
      "iscrowd": 0,
      "area": 465.08473316485833
    },
    {
      "id": 139,
      "image_id": 7,
      "category_id": 6,
      "segmentation": [],
      "bbox": [
        103.47926267281113,
        66.15207373271889,
        24.884792626728117,
        31.935483870967754
      ],
      "ignore": 0,
      "iscrowd": 0,
      "area": 794.707893563253
    },
    {
      "id": 140,
      "image_id": 7,
      "category_id": 7,
      "segmentation": [],
      "bbox": [
        105.13824884792628,
        115.71428571428571,
        51.84331797235022,
        29.032258064516117
      ],
      "ignore": 0,
      "iscrowd": 0,
      "area": 1505.128586294038
    },
    {
      "id": 141,
      "image_id": 7,
      "category_id": 3,
      "segmentation": [],
      "bbox": [
        205.09216589861754,
        87.30414746543778,
        37.32718894009217,
        24.884792626728107
      ],
      "ignore": 0,
      "iscrowd": 0,
      "area": 928.8793561128925
    },
    {
      "id": 142,
      "image_id": 8,
      "category_id": 2,
      "segmentation": [],
      "bbox": [
        54.95391705069123,
        157.8110599078341,
        27.373271889400925,
        27.58064516129034
      ],
      "ignore": 0,
      "iscrowd": 0,
      "area": 754.9724988850905
    },
    {
      "id": 143,
      "image_id": 8,
      "category_id": 2,
      "segmentation": [],
      "bbox": [
        144.33179723502306,
        178.34101382488478,
        27.995391705069117,
        28.617511520737345
      ],
      "ignore": 0,
      "iscrowd": 0,
      "area": 801.1584446473702
    },
    {
      "id": 144,
      "image_id": 8,
      "category_id": 2,
      "segmentation": [],
      "bbox": [
        227.07373271889404,
        24.262672811059907,
        27.995391705069096,
        27.373271889400925
      ],
      "ignore": 0,
      "iscrowd": 0,
      "area": 766.3254687931358
    },
    {
      "id": 145,
      "image_id": 8,
      "category_id": 0,
      "segmentation": [],
      "bbox": [
        147.23502304147468,
        39.81566820276498,
        25.921658986175103,
        25.506912442396313
      ],
      "ignore": 0,
      "iscrowd": 0,
      "area": 661.1814861220239
    },
    {
      "id": 146,
      "image_id": 8,
      "category_id": 0,
      "segmentation": [],
      "bbox": [
        201.5668202764977,
        58.47926267281105,
        27.37327188940091,
        26.543778801843324
      ],
      "ignore": 0,
      "iscrowd": 0,
      "area": 726.5900741149736
    },
    {
      "id": 147,
      "image_id": 8,
      "category_id": 0,
      "segmentation": [],
      "bbox": [
        57.64976958525346,
        50.18433179723502,
        26.336405529953925,
        26.336405529953918
      ],
      "ignore": 0,
      "iscrowd": 0,
      "area": 693.6062562381875
    },
    {
      "id": 148,
      "image_id": 8,
      "category_id": 6,
      "segmentation": [],
      "bbox": [
        195.55299539170517,
        130.6451612903226,
        34.42396313364052,
        41.05990783410137
      ],
      "ignore": 0,
      "iscrowd": 0,
      "area": 1413.444753551783
    },
    {
      "id": 149,
      "image_id": 8,
      "category_id": 7,
      "segmentation": [],
      "bbox": [
        250.92165898617515,
        102.23502304147465,
        32.557603686635915,
        59.30875576036864
      ],
      "ignore": 0,
      "iscrowd": 0,
      "area": 1930.950965193567
    },
    {
      "id": 150,
      "image_id": 8,
      "category_id": 7,
      "segmentation": [],
      "bbox": [
        120.48387096774195,
        127.74193548387095,
        57.44239631336404,
        30.483870967741947
      ],
      "ignore": 0,
      "iscrowd": 0,
      "area": 1751.066597294485
    },
    {
      "id": 151,
      "image_id": 8,
      "category_id": 7,
      "segmentation": [],
      "bbox": [
        159.26267281105976,
        98.29493087557603,
        60.13824884792625,
        28.61751152073735
      ],
      "ignore": 0,
      "iscrowd": 0,
      "area": 1721.0070292424991
    },
    {
      "id": 152,
      "image_id": 8,
      "category_id": 3,
      "segmentation": [],
      "bbox": [
        92.48847926267283,
        91.03686635944702,
        28.41013824884793,
        41.889400921658996
      ],
      "ignore": 0,
      "iscrowd": 0,
      "area": 1190.08367134575
    },
    {
      "id": 153,
      "image_id": 8,
      "category_id": 3,
      "segmentation": [],
      "bbox": [
        3.7327188940092175,
        18.456221198156683,
        42.92626728110599,
        36.29032258064515
      ],
      "ignore": 0,
      "iscrowd": 0,
      "area": 1557.80808681433
    },
    {
      "id": 154,
      "image_id": 8,
      "category_id": 1,
      "segmentation": [],
      "bbox": [
        36.912442396313374,
        88.1336405529954,
        26.75115207373273,
        37.32718894009218
      ],
      "ignore": 0,
      "iscrowd": 0,
      "area": 998.5453078213603
    },
    {
      "id": 155,
      "image_id": 8,
      "category_id": 5,
      "segmentation": [],
      "bbox": [
        99.33179723502306,
        30.069124423963135,
        23.43317972350233,
        40.02304147465438
      ],
      "ignore": 0,
      "iscrowd": 0,
      "area": 937.8671239567637
    },
    {
      "id": 156,
      "image_id": 9,
      "category_id": 2,
      "segmentation": [],
      "bbox": [
        118.61751152073735,
        17.211981566820278,
        28.410138248847908,
        27.788018433179726
      ],
      "ignore": 0,
      "iscrowd": 0,
      "area": 789.4614453481701
    },
    {
      "id": 157,
      "image_id": 9,
      "category_id": 2,
      "segmentation": [],
      "bbox": [
        207.58064516129033,
        40.23041474654378,
        26.95852534562212,
        26.129032258064516
      ],
      "ignore": 0,
      "iscrowd": 0,
      "area": 704.4001783856103
    },
    {
      "id": 158,
      "image_id": 9,
      "category_id": 2,
      "segmentation": [],
      "bbox": [
        135.00000000000003,
        71.33640552995391,
        25.921658986175103,
        25.299539170506915
      ],
      "ignore": 0,
      "iscrowd": 0,
      "area": 655.8060268852596
    },
    {
      "id": 159,
      "image_id": 9,
      "category_id": 2,
      "segmentation": [],
      "bbox": [
        99.95391705069125,
        108.2488479262673,
        26.751152073732705,
        24.470046082949303
      ],
      "ignore": 0,
      "iscrowd": 0,
      "area": 654.6019240162241
    },
    {
      "id": 160,
      "image_id": 9,
      "category_id": 2,
      "segmentation": [],
      "bbox": [
        35.253456221198164,
        172.1198156682028,
        26.336405529953925,
        26.958525345622114
      ],
      "ignore": 0,
      "iscrowd": 0,
      "area": 709.9906559918453
    },
    {
      "id": 161,
      "image_id": 9,
      "category_id": 0,
      "segmentation": [],
      "bbox": [
        205.50691244239638,
        148.06451612903228,
        26.543778801843256,
        26.336405529953915
      ],
      "ignore": 0,
      "iscrowd": 0,
      "area": 699.0677228227382
    },
    {
      "id": 162,
      "image_id": 9,
      "category_id": 1,
      "segmentation": [],
      "bbox": [
        225.82949308755764,
        99.74654377880188,
        27.37327188940091,
        36.49769585253453
      ],
      "ignore": 0,
      "iscrowd": 0,
      "area": 999.0613519080875
    },
    {
      "id": 163,
      "image_id": 9,
      "category_id": 3,
      "segmentation": [],
      "bbox": [
        169.83870967741936,
        91.6589861751152,
        28.202764976958555,
        41.474654377880185
      ],
      "ignore": 0,
      "iscrowd": 0,
      "area": 1169.6999299199401
    },
    {
      "id": 164,
      "image_id": 9,
      "category_id": 3,
      "segmentation": [],
      "bbox": [
        243.66359447004615,
        169.63133640552988,
        42.718894009216626,
        36.08294930875572
      ],
      "ignore": 0,
      "iscrowd": 0,
      "area": 1541.4236870606721
    },
    {
      "id": 165,
      "image_id": 9,
      "category_id": 6,
      "segmentation": [],
      "bbox": [
        59.72350230414748,
        52.258064516129004,
        35.460829493087566,
        40.23041474654377
      ],
      "ignore": 0,
      "iscrowd": 0,
      "area": 1426.6038777633844
    },
    {
      "id": 166,
      "image_id": 9,
      "category_id": 7,
      "segmentation": [],
      "bbox": [
        7.6728110599078345,
        61.589861751152085,
        32.76497695852535,
        58.894009216589865
      ],
      "ignore": 0,
      "iscrowd": 0,
      "area": 1929.6608549767466
    },
    {
      "id": 167,
      "image_id": 9,
      "category_id": 0,
      "segmentation": [],
      "bbox": [
        60.552995391705075,
        138.110599078341,
        27.788018433179733,
        25.92165898617511
      ],
      "ignore": 0,
      "iscrowd": 0,
      "area": 720.311537726433
    },
    {
      "id": 168,
      "image_id": 9,
      "category_id": 3,
      "segmentation": [],
      "bbox": [
        74.86175115207374,
        178.34101382488478,
        38.98617511520738,
        36.49769585253458
      ],
      "ignore": 0,
      "iscrowd": 0,
      "area": 1422.905561808491
    },
    {
      "id": 169,
      "image_id": 9,
      "category_id": 5,
      "segmentation": [],
      "bbox": [
        166.10599078341016,
        154.07834101382488,
        23.64055299539172,
        40.02304147465436
      ],
      "ignore": 0,
      "iscrowd": 0,
      "area": 946.1668330183272
    }
  ],
  "info": {
    "year": 2024,
    "version": "1.0",
    "description": "",
    "contributor": "Label Studio",
    "url": "",
    "date_created": "2024-10-31 16:31:48.186999"
  }
}